"Path","Bytes","SHA256"
"code/chunk_assignment.py","6419","af6e7460e7d4724e5b7325c6c81e8e781bba77f5414deed8e48554f3f3ba4f56"
"code/collab_batching/__init__.py","72","2286da4eca84b1ac0b10c49b274d43e9e2bf3baee8849fa6497053f18482ae48"
"code/collab_batching/deployment_uplink.py","6602","dc13793447a5e66375817d7c2550fcadf0fcf4bd18e6607a04be78971d5cfffd"
"code/collab_batching/dynamic_workload_env.py","8924","e4cd8994e096fcb4285d0e9736d1e4703628b9c88f8a6d83fb02fe3902a6d451"
"code/collab_batching/hidden_interference_env.py","5675","5db15d1c8f8cf3aa3cb81658f009787b477493fa0cef44be1cb70e75cdd8699a"
"code/collab_batching/interference_route_batch_env.py","29235","f3b57ec2a33578eb91848f0d641f30ef9ea3331ca2392152373146c1ffe1c490"
"code/collab_batching/online_batch_env.py","16211","6c44f524cb9df78c8b64a9e813a1440c75aaa1b549d3367c9b6ab260f76bc59e"
"code/collab_batching/openb_arrival_source.py","10579","54860f6b3abadd35a757840abd390124c19ce20ab888082970f22ef867b4328f"
"code/collab_batching/sequential_route_batch_env.py","45506","602f1891d23dccdc9784da864a23927bef961981224ec972f485884e9d0afc1d"
"code/microbatch_env.py","26905","2f4af43e2810dacb2ba2c888f8aea51fe0aa8bf7414619b1640d929ef9b401d6"
"code/smoke_environment.py","3403","be424553dbdad5ae61a79c557fd7aeefd181c862195b8ac51db0f3b45a98d556"
"code/tests/test_deployment_uplink.py","3369","534d6b5ecda932538dfdc3d67b1062364772f887d555a4a7b0288339742f2dde"
"configs/final_ours_config_portable.json","7885","854aee4fc1f9c6f776432b66bbe0e0cacc5a22e0d845a98264d60991b14c8bf9"
"data/microbatch/profiles/m3_rtx3060_multidnn_unified_20260714.csv","18414","866cd8c5e714528b8e19bb07727060e23cb29eb2c6c0dbe7a07aa0693f033087"
"README.md","1954","788fa91562b0591351ef7a042dd2f27a65c0dc76002df1b6a42024b874bf0e6d"
"requirements.txt","105","7cdb22fac376d158a9a959905d8d02057c3ab472dfe4a61e96433f7677f9d264"
