model,provider,device_label,batch_size,measured_runs,energy_blocks,mean_ms,p50_ms,p95_ms,p99_ms,std_ms,cv,mean_rse,throughput_rps,per_request_ms,avg_power_w,gross_energy_per_batch_j,gross_energy_per_request_j,energy_per_batch_j,energy_per_request_j,energy_gross_cv,energy_net_cv,max_temp_c,energy_basis,latency_runtime_cv_pass,latency_mean_rse_pass,energy_pass,quality_status,status,deterministic_profile_allowed,stochastic_profile_allowed,padding_policy,source_profile,source_run,measurement_boundary,power_mode
efficientnet_b0,m3_mps,Apple M3 MacBook Air,1,500,5,12.748496240470558,12.294437969103456,15.031267062295226,16.45831662695855,1.1647856029819588,0.0913665095091219,0.0040860345225855,78.44062398712282,12.748496240470558,6.922946666666666,0.0797441554848693,0.0797441554848693,0.0782698089994445,0.0782698089994445,0.0198004668264954,0.0200458962381458,,net,True,True,True,strict_pass,ok,True,True,none,apple_m3_multidnn_20260714,primary_full,combined_soc_compute_power,native_fanless
efficientnet_b0,m3_mps,Apple M3 MacBook Air,2,500,5,12.430845979135484,12.062771013006568,14.089120842982082,14.703474396374077,0.8535069504468736,0.0686604074959532,0.0030705867704757,160.89009576314388,6.215422989567742,8.232426666666665,0.0970093119978908,0.0485046559989454,0.0955013588519368,0.0477506794259684,0.0388280367520327,0.0392765672806022,,net,True,True,True,strict_pass,ok,True,True,none,apple_m3_multidnn_20260714,primary_full,combined_soc_compute_power,native_fanless
efficientnet_b0,m3_mps,Apple M3 MacBook Air,4,500,5,13.00623352266848,12.855249573476613,14.216320647392418,15.428516131360082,0.7379806201637943,0.0567405328281683,0.0025375137696668,307.5448394055378,3.25155838066712,12.7186,0.161164517194118,0.0402911292985295,0.159542734039642,0.0398856835099105,0.0226322877496754,0.0227204554447741,,net,True,True,True,strict_pass,ok,True,True,none,apple_m3_multidnn_20260714,primary_full,combined_soc_compute_power,native_fanless
efficientnet_b0,m3_mps,Apple M3 MacBook Air,8,500,5,23.78346325876192,23.68637500330805,25.09771652985364,26.04161994997412,1.0548275037110022,0.0443512995661975,0.0019834504144094,336.3681694697164,2.972932907345239,11.42392,0.2736681322654481,0.034208516533181,0.2705992826405087,0.0338249103300635,0.0246675067101747,0.0246660376285827,,net,True,True,True,strict_pass,ok,True,True,none,apple_m3_multidnn_20260714,primary_full,combined_soc_compute_power,native_fanless
efficientnet_b0,m3_mps,Apple M3 MacBook Air,16,500,5,46.62761734798551,46.03897931519896,49.36798269627616,65.25378977879879,4.575031201523108,0.0981184856043425,0.0043879920732128,343.1442760755019,2.914226084249094,9.668186666666667,0.4471241934178565,0.027945262088616,0.4412053951264451,0.0275753371954028,0.0342117665379601,0.0345828507104175,,net,True,True,True,strict_pass,ok,True,True,none,apple_m3_multidnn_20260714,primary_full,combined_soc_compute_power,native_fanless
efficientnet_b0,m3_mps,Apple M3 MacBook Air,32,500,5,108.34192359400912,105.62720848247407,129.1892374982126,134.56032184883952,10.798108623855107,0.0996669457736321,0.0044572413171925,295.36119480316734,3.3856851123127853,9.235613333333331,0.8981282112269229,0.0280665066008413,0.8856689056205649,0.0276771533006426,0.0696463877097829,0.0699005682090622,,net,True,True,True,strict_pass,ok,True,True,none,apple_m3_multidnn_20260714,primary_full,combined_soc_compute_power,native_fanless
efficientnet_b0,rtx3060_cuda,NVIDIA GeForce RTX 3060 Laptop GPU,1,500,5,6.2821433999999625,6.223749999998418,7.155630000000278,7.821202999999244,0.508150087490275,0.0808880114851052,0.0036174218449095,159.181339286207,6.2821433999999625,27.644696506255976,0.1895911505299018,0.1895911505299018,0.0782830352918307,0.0782830352918307,0.0236483047140314,0.0055623784075619,61.0,net,True,True,True,strict_pass,ok,True,True,none,rtx3060_multidnn_20260714,analysis_ready_primary_or_disclosed_retest,gpu_board_compute_power,observed_wddm_no_fixed_limit_claim
efficientnet_b0,rtx3060_cuda,NVIDIA GeForce RTX 3060 Laptop GPU,2,500,5,6.15826180000002,6.0536500000001325,7.030969999999037,7.616837999999965,0.4918734142446168,0.0798721181753941,0.0035719897149415,324.76696589937006,3.07913090000001,47.655392700471545,0.3482751643164636,0.1741375821582318,0.2313856175976586,0.1156928087988293,0.0527217159932784,0.0797997952927398,67.0,net,True,True,True,strict_pass,ok,True,True,none,rtx3060_multidnn_20260714,analysis_ready_primary_or_disclosed_retest,gpu_board_compute_power,observed_wddm_no_fixed_limit_claim
efficientnet_b0,rtx3060_cuda,NVIDIA GeForce RTX 3060 Laptop GPU,4,500,5,6.295305200000016,6.153550000000507,7.241305000003706,7.875915000004807,0.5251904284856661,0.0834257294603706,0.0037309120429179,635.3941346640335,1.573826300000004,81.40549473458545,0.6208023766797404,0.1552005941699351,0.4969361597931643,0.124234039948291,0.046161372721717,0.0462749562927988,79.0,net,True,True,True,strict_pass,ok,True,True,none,rtx3060_multidnn_20260714,analysis_ready_primary_or_disclosed_retest,gpu_board_compute_power,observed_wddm_no_fixed_limit_claim
efficientnet_b0,rtx3060_cuda,NVIDIA GeForce RTX 3060 Laptop GPU,8,500,5,7.457218399999832,7.405299999998505,7.914714999999362,8.47457200000079,0.3389004081753966,0.0454459545097142,0.0020324048717216,1072.786067255343,0.932152299999979,83.53618487861226,0.698379855605868,0.0872974819507335,0.5627061603212121,0.0703382700401515,0.0159057624050444,0.0122342549911149,84.0,net,True,True,True,strict_pass,ok,True,True,none,rtx3060_multidnn_20260714,analysis_ready_primary_or_disclosed_retest,gpu_board_compute_power,observed_wddm_no_fixed_limit_claim
efficientnet_b0,rtx3060_cuda,NVIDIA GeForce RTX 3060 Laptop GPU,16,500,5,13.9442077999999,13.963350000004482,14.225915000005074,14.715728999995283,0.2793993603410235,0.0200369475518735,0.0008960795357517,1147.4298310442643,0.8715129874999938,80.2640334874646,1.20310229256912,0.07519389328557,0.95994442049881,0.0599965262811756,0.0120867541005144,0.0164704786329576,85.0,net,True,True,True,strict_pass,ok,True,True,none,rtx3060_multidnn_20260714,analysis_ready_primary_or_disclosed_retest,gpu_board_compute_power,observed_wddm_no_fixed_limit_claim
efficientnet_b0,rtx3060_cuda,NVIDIA GeForce RTX 3060 Laptop GPU,32,500,5,27.23438699999997,27.27780000000024,27.66542999999899,28.82127199999715,0.340697798306681,0.0125098390614292,0.0005594570105787,1174.985139191862,0.851074593749999,85.25848092762689,2.381880696600064,0.074433771768752,1.9286863072531035,0.0602714471016594,0.0149427015539376,0.0193512170679412,85.0,net,True,True,True,strict_pass,ok,True,True,none,rtx3060_multidnn_20260714,analysis_ready_primary_or_disclosed_retest,gpu_board_compute_power,observed_wddm_no_fixed_limit_claim
mobilenet_v3_small,m3_mps,Apple M3 MacBook Air,1,1000,10,9.5532356351614,9.118791669607162,13.184011774137616,13.493859742302448,1.924222853265229,0.2014210605444487,0.0063694932004713,104.67657641767204,9.5532356351614,6.08194,0.0439212181370358,0.0439212181370358,0.0429933472780786,0.0429933472780786,0.0405976123403006,0.0409671819160393,,net,False,True,True,runtime_variable_mean_profile_pass,ok,True,True,none,apple_m3_multidnn_20260714,pooled_primary_and_complete_repeat,combined_soc_compute_power,native_fanless
mobilenet_v3_small,m3_mps,Apple M3 MacBook Air,2,1000,10,8.969834180548787,8.673625416122377,11.95814178790897,13.98316828068346,2.033588403227008,0.2267141579536523,0.0071693311694072,222.9695621728469,4.484917090274394,6.406206666666667,0.0471298015556603,0.0235649007778301,0.0461846833296698,0.0230923416648348,0.0514871012186314,0.052958288365908,,net,False,True,True,runtime_variable_mean_profile_pass,ok,True,True,none,apple_m3_multidnn_20260714,pooled_primary_and_complete_repeat,combined_soc_compute_power,native_fanless
mobilenet_v3_small,m3_mps,Apple M3 MacBook Air,4,500,5,8.370450927875936,8.39964603073895,9.119560499675572,9.44541443604976,0.576531313779986,0.0688769719514125,0.003080271827354,477.87150709872566,2.092612731968984,6.7552933333333325,0.0504627837720084,0.0126156959430021,0.0494393824874504,0.0123598456218626,0.0157628382919212,0.0159663611503446,,net,True,True,True,strict_pass,ok,True,True,none,apple_m3_multidnn_20260714,primary_full,combined_soc_compute_power,native_fanless
mobilenet_v3_small,m3_mps,Apple M3 MacBook Air,8,500,5,8.458642758894712,8.410478825680912,9.337852778844534,10.430242845322937,0.6007350786511717,0.0710202683544552,0.0031761229564167,945.7782091089704,1.057330344861839,9.37124,0.0704781696002661,0.0088097712000332,0.0694478098584415,0.0086809762323051,0.0152183884518105,0.0154324050201237,,net,True,True,True,strict_pass,ok,True,True,none,apple_m3_multidnn_20260714,primary_full,combined_soc_compute_power,native_fanless
mobilenet_v3_small,m3_mps,Apple M3 MacBook Air,16,500,5,9.11614318843931,9.53750009648502,9.874854085501283,10.681231014896182,0.7156962943193974,0.0785086718720052,0.0035110145425805,1755.128201616062,0.5697589492774568,13.48444,0.1187399518426147,0.0074212469901634,0.1176832646605701,0.0073552040412856,0.0249841121340024,0.0252064376088602,,net,True,True,True,strict_pass,ok,True,True,none,apple_m3_multidnn_20260714,complete_repeat_01,combined_soc_compute_power,native_fanless
mobilenet_v3_small,m3_mps,Apple M3 MacBook Air,32,500,5,17.758853420615196,17.5370411016047,18.730541656259447,19.64418918127194,1.296129268828747,0.0729849635069428,0.0032639867947373,1801.9181330058789,0.5549641693942249,10.153626666666668,0.1784856169613007,0.0055776755300406,0.1760774114537898,0.0055024191079309,0.0311457223762274,0.0315623052891557,,net,True,True,True,strict_pass,ok,True,True,none,apple_m3_multidnn_20260714,primary_full,combined_soc_compute_power,native_fanless
mobilenet_v3_small,rtx3060_cuda,NVIDIA GeForce RTX 3060 Laptop GPU,1,1000,5,4.281063700000006,4.096300000000497,5.606920000000137,7.475075000001396,0.826375324747946,0.193030373443858,0.0061041563767547,233.58680694239575,4.281063700000006,24.60505454870944,0.1054774788258521,0.1054774788258521,0.0357191264619298,0.0357191264619298,0.0351914875180941,0.0760421233456688,60.0,net,False,True,True,runtime_variable_mean_profile_pass,ok,True,True,none,rtx3060_multidnn_20260714,analysis_ready_primary_or_disclosed_retest,gpu_board_compute_power,observed_wddm_no_fixed_limit_claim
mobilenet_v3_small,rtx3060_cuda,NVIDIA GeForce RTX 3060 Laptop GPU,2,1000,5,4.12745089999996,3.971349999998708,4.983959999999321,6.403056999999135,0.5380845739650679,0.1303672864927534,0.004122575576928,484.5605795092606,2.06372544999998,25.30390955475602,0.1085521321910282,0.0542760660955141,0.0387917235267572,0.0193958617633786,0.0355536039051185,0.0552840804222931,60.0,net,False,True,True,runtime_variable_mean_profile_pass,ok,True,True,none,rtx3060_multidnn_20260714,analysis_ready_primary_or_disclosed_retest,gpu_board_compute_power,observed_wddm_no_fixed_limit_claim
mobilenet_v3_small,rtx3060_cuda,NVIDIA GeForce RTX 3060 Laptop GPU,4,1000,5,4.16929930000024,4.07470000000032,5.044615000003461,5.846072000003062,0.4992915566776355,0.1197543089980627,0.0037869637605347,959.3938242811614,1.04232482500006,31.852453215378176,0.1406220746508412,0.0351555186627103,0.0688054488404349,0.0172013622101087,0.0186472894798628,0.0324184714153197,62.0,net,False,True,True,runtime_variable_mean_profile_pass,ok,True,True,none,rtx3060_multidnn_20260714,analysis_ready_primary_or_disclosed_retest,gpu_board_compute_power,observed_wddm_no_fixed_limit_claim
mobilenet_v3_small,rtx3060_cuda,NVIDIA GeForce RTX 3060 Laptop GPU,8,1000,5,4.362224099999899,4.222300000002122,5.29598999999905,6.304017000003767,0.5236400031596711,0.1200396841509548,0.0037959881152423,1833.9268723035536,0.5452780124999874,63.02333385831071,0.2959555565862552,0.0369944445732819,0.219535068264165,0.0274418835330206,0.0326447604141638,0.0461889871720823,71.0,net,False,True,True,runtime_variable_mean_profile_pass,ok,True,True,none,rtx3060_multidnn_20260714,analysis_ready_primary_or_disclosed_retest,gpu_board_compute_power,observed_wddm_no_fixed_limit_claim
mobilenet_v3_small,rtx3060_cuda,NVIDIA GeForce RTX 3060 Laptop GPU,16,1000,5,4.321220800000163,4.081350000006978,5.915619999996123,7.570635999997677,0.8014710240850784,0.185473286642758,0.005865180309084,3702.6573601606738,0.2700763000000102,85.50335973001806,0.3972050020982752,0.0248253126311422,0.3216108976944897,0.0201006811059056,0.0240256543473477,0.0287168922064733,80.0,net,False,True,True,runtime_variable_mean_profile_pass,ok,True,True,none,rtx3060_multidnn_20260714,analysis_ready_primary_or_disclosed_retest,gpu_board_compute_power,observed_wddm_no_fixed_limit_claim
mobilenet_v3_small,rtx3060_cuda,NVIDIA GeForce RTX 3060 Laptop GPU,32,1000,5,5.893946200000286,5.61739999999844,6.920605000005508,7.961082000004323,0.6691420982311512,0.1135304048467762,0.0035901466299683,5429.299643080971,0.1841858187500089,89.28181504400229,0.5338974350561344,0.0166842948455042,0.4366555404608366,0.0136454856394011,0.0135403422264436,0.0171573088565295,84.0,net,False,True,True,runtime_variable_mean_profile_pass,ok,True,True,none,rtx3060_multidnn_20260714,analysis_ready_primary_or_disclosed_retest,gpu_board_compute_power,observed_wddm_no_fixed_limit_claim
resnet50,m3_mps,Apple M3 MacBook Air,1,500,5,10.34375950274989,10.292229475453496,10.696766071487218,10.83113180939108,0.173486425900339,0.0167720861891865,0.0007500704968701281,96.67664834378157,10.34375950274989,12.62856,,,0.1202245029397202,0.1202245029397202,,,,net,True,True,True,strict_pass,ok,True,True,none,apple_m3_profile_20260713,apple_m3_profile_20260713,combined_soc_compute_power,native_fanless
resnet50,m3_mps,Apple M3 MacBook Air,2,500,5,15.50398057186976,15.491416561417282,15.6391128199175,15.756460551638156,0.0783212866711449,0.0050516889071217,0.00022591839595011485,128.99912965762977,7.75199028593488,10.833613333333334,,,0.1703313414409017,0.0851656707204508,,,,net,True,True,True,strict_pass,ok,True,True,none,apple_m3_profile_20260713,apple_m3_profile_20260713,combined_soc_compute_power,native_fanless
resnet50,m3_mps,Apple M3 MacBook Air,4,500,5,28.53822777699679,28.53750006761402,28.759544203057885,28.98608474992216,0.1489417583411919,0.0052190261954964,0.00023340194698964113,140.1628731558515,7.134556944249198,9.76448,,,0.2842558016110892,0.0710639504027723,,,,net,True,True,True,strict_pass,ok,True,True,none,apple_m3_profile_20260713,apple_m3_profile_20260713,combined_soc_compute_power,native_fanless
resnet50,m3_mps,Apple M3 MacBook Air,8,500,5,61.20219551259652,61.27089553046972,62.70729198586196,63.58691728441045,1.143228706619286,0.0186795375075063,0.0008353743131008215,130.71426495399916,7.650274439074565,9.8836,,,0.5768428234256427,0.0721053529282053,,,,net,True,True,True,strict_pass,ok,True,True,none,apple_m3_profile_20260713,apple_m3_profile_20260713,combined_soc_compute_power,native_fanless
resnet50,m3_mps,Apple M3 MacBook Air,16,500,5,124.09505085879935,124.42860449664296,127.94269169680774,130.50253885565326,2.9111191498942004,0.0234587852597489,0.0010491087702073718,128.93342554172835,7.75594067867496,9.96408,,,1.124649799085435,0.0702906124428396,,,,net,True,True,True,strict_pass,ok,True,True,none,apple_m3_profile_20260713,apple_m3_profile_20260713,combined_soc_compute_power,native_fanless
resnet50,m3_mps,Apple M3 MacBook Air,32,500,5,220.13284875219688,218.56212546117604,233.7291860254481,240.3351058927365,6.0032630471574695,0.027271091439494,0.0012196002855864236,145.3667645759781,6.879151523506152,9.284013333333334,,,2.2802110277862337,0.0712565946183198,,,,net,True,True,True,strict_pass,ok,True,True,none,apple_m3_profile_20260713,apple_m3_profile_20260713,combined_soc_compute_power,native_fanless
resnet50,rtx3060_cuda,NVIDIA GeForce RTX 3060 Laptop GPU (95W mode),1,500,5,7.666373199999966,6.602650000001376,13.541054999997824,14.84386200000138,3.1117190167175908,0.4058919303220986,0.01815203895437641,130.43977561645505,7.666373199999966,85.91429700437057,,,0.3504788609982167,0.3504788609982167,,,,net,False,False,True,rejected_deterministic_use_padded_b2,unstable,False,False,map_to_smallest_accepted_batch_2,rtx3060_reprofile_20260713_95w,rtx3060_reprofile_20260713_95w,gpu_board_power,95W_observed_limit
resnet50,rtx3060_cuda,NVIDIA GeForce RTX 3060 Laptop GPU (95W mode),2,500,5,4.932719599999999,4.7109499999997695,5.585045000001187,6.232621000001898,0.3835576908573901,0.0777578540765605,0.003477436949993968,405.455846304339,2.4663598,91.10813019196183,,,0.3828006830483286,0.1914003415241643,,,,net,True,True,True,strict_pass,ok,True,True,none,rtx3060_reprofile_20260713_95w,rtx3060_reprofile_20260713_95w,gpu_board_power,95W_observed_limit
resnet50,rtx3060_cuda,NVIDIA GeForce RTX 3060 Laptop GPU (95W mode),4,500,5,9.155811399999976,9.222549999996945,9.569169999993932,10.320994000002344,0.3106714406731894,0.0339316120768051,0.0015174678237977802,436.880995604607,2.288952849999994,91.49963602594588,,,0.6982462584418688,0.1745615646104672,,,,net,True,True,True,strict_pass,ok,True,True,none,rtx3060_reprofile_20260713_95w,rtx3060_reprofile_20260713_95w,gpu_board_power,95W_observed_limit
resnet50,rtx3060_cuda,NVIDIA GeForce RTX 3060 Laptop GPU (95W mode),8,500,5,16.295103000000097,16.25934999998435,16.539444999999375,16.836347000005958,0.1707363357078115,0.0104777696531166,0.0004685801039390622,490.9450403596683,2.036887875000012,91.4425144861049,,,1.248406872740142,0.1560508590925177,,,,net,True,True,True,strict_pass,ok,True,True,none,rtx3060_reprofile_20260713_95w,rtx3060_reprofile_20260713_95w,gpu_board_power,95W_observed_limit
resnet50,rtx3060_cuda,NVIDIA GeForce RTX 3060 Laptop GPU (95W mode),16,500,5,31.421097199999508,31.40339999998787,31.88207499999152,32.04088700000426,0.2889931121540746,0.0091974226843383,0.00041132124679958053,509.21200803898887,1.9638185749999693,91.24500972208544,,,2.4166922584872,0.15104326615545,,,,net,True,True,True,strict_pass,ok,True,True,none,rtx3060_reprofile_20260713_95w,rtx3060_reprofile_20260713_95w,gpu_board_power,95W_observed_limit
resnet50,rtx3060_cuda,NVIDIA GeForce RTX 3060 Laptop GPU (95W mode),32,500,5,59.832808799999896,59.840950000008775,60.409154999993575,60.68334200001146,0.3819848734738713,0.0063842042707824,0.0002855102946342784,534.8236300750109,1.8697752749999967,91.374744814067,,,4.604341897733908,0.1438856843041846,,,,net,True,True,True,strict_pass,ok,True,True,none,rtx3060_reprofile_20260713_95w,rtx3060_reprofile_20260713_95w,gpu_board_power,95W_observed_limit
